{"cameraMode":{"drawMode":0,"name":"Shaded","section":"Shading Mode"},"sceneLighting":false,"audioPlay":false,"sceneViewState":{"m_AlwaysRefresh":false,"showFog":true,"showSkybox":false,"showFlares":true,"showImageEffects":true,"showParticleSystems":true,"showVisualEffectGraphs":true,"m_FxEnabled":true},"in2DMode":false,"pivot":{"x":46.497291564941409,"y":-0.24106043577194215,"z":-0.8759818077087402},"rotation":{"x":-0.032385073602199557,"y":-0.023985203355550767,"z":-0.0007776893326081336,"w":0.9991898536682129},"size":10.618149757385254,"orthographic":false}