{"cameraMode":{"drawMode":0,"name":"Shaded","section":"Shading Mode"},"sceneLighting":false,"audioPlay":false,"sceneViewState":{"m_AlwaysRefresh":false,"showFog":true,"showSkybox":false,"showFlares":true,"showImageEffects":true,"showParticleSystems":true,"showVisualEffectGraphs":true,"m_FxEnabled":true},"in2DMode":false,"pivot":{"x":55.60139465332031,"y":-8.157626152038575,"z":-2.8567261695861818},"rotation":{"x":0.10960344970226288,"y":0.10120359808206558,"z":-0.011218635365366936,"w":0.9887480139732361},"size":11.082079887390137,"orthographic":false}